

INSERT INTO Cliente  VALUES('69289A27-78EE-44B6-8A14-1086BF904FB8','5260106011000D','CARLOS GUTHER','DUARTE ROCHA',89315570,'CONTIGUO A LA POLICIA','M')
INSERT INTO Cliente  VALUES('07b82e84-8007-4b3e-94b9-9e149ec4c493','12201070100000','ALEXANDER FERNANDEZ','ORTIZ ROMERO',80876626,'COSTADO NORTE LA FARMACIA FARMACO','M')
INSERT INTO Cliente  VALUES('8eff0804-50fb-4577-9b2c-7fb563dea2fe','1210409780000H','JUNIOR ULISSE','HURTADO ROSALES',81610599,'FRENTE AL ZOOLÓGICO','M')
INSERT INTO Cliente  VALUES('9907a5c2-2b27-4dfb-8d12-58cd8aaab22d','1260205051000D','JULIO FERNANDO','DURÁN ORTEGA',57314700,'FRENTE A FARMA VARGAS','M')
INSERT INTO Cliente  VALUES('c370591c-da4e-46a1-b368-a10952bbfc2f','1260510001000P','KENIA DEL ROSARIO','PEREZ GARCIA',86315578,'CONTIGUO A PULPERIA "EL PORVENIR"','F')
INSERT INTO Cliente  VALUES('91b261f6-994d-4783-ad70-688ed3535db3','3261303011000Z','JUANA FERNANDA','ZELEDON OROZCO',86015088,'DEL MUSEO 1/2 AL NORTE','M')
INSERT INTO Cliente  VALUES('9cff3668-1c6e-42d3-a634-bbc284a18b52','1250712991000B','ELIAN JOAQUIN','BLANCO ALARCÓN',57370597,'DEL MAXI PALI 2 CUADRAS AL ESTE','M')
INSERT INTO Cliente  VALUES('a671d3cf-ab55-42a6-95df-6685368fc2d3','5280405991000O','MARIA MAYRELIS','ORTIZ ORTIZ',55533789,'CONTIGUO A PALO SOLO','F')
INSERT INTO Cliente  VALUES('c628eca9-7fd9-499b-9214-d44eea3ac606','1260510801000R','MARICELA DEL SOCORRO','ROCHA RUIZ',87379799,'CONTIGUO AL MERCADO NUEVO"','F')
INSERT INTO Cliente  VALUES('3ab34425-a892-4f3c-a850-37c41e328fc2','5281503950000R','CECILIA LUSMARY','RIVAS ROCHA',86095816,'FRENTE A CLÍNICA DEL DR. ROMERO','F')
INSERT INTO Cliente  VALUES('1231f24e-1f9b-46ea-bcb7-de3e5af5ee89','5281503951100R','MARIA POLO','RIVAS ROCHA',86095816,'FRENTE A CLÍNICA DEL DR. ROMERO','F')

SELECT * FROM Cliente

INSERT INTO Proveedor  VALUES ('a289f92f-bc22-4d45-b5f8-69d4b02acaf0','JUAN MANUEL DUARTE MARTINEZ',59371242,'WWW.JSMKW.COM')
INSERT INTO Proveedor  VALUES ('9f5751ea-95d5-41bf-99fa-5b09173f7089','ORLANDO EFRAIN GONZALES ARAUZ',87203078,'WWW.VERSATIL.COM')
INSERT INTO Proveedor  VALUES ('69b52221-0d65-4662-a292-a55dcb862c09','ARLEYS DIONICIO MANZANARES GATICA',57371615,'WWW.ELBLACK.COM')
INSERT INTO Proveedor  VALUES ('5586543e-6524-4e39-a690-87be13fc26c8','STEFANY ARELIS DUARTE RIVAS',86319980,'WWW.IXOW.COM')
INSERT INTO Proveedor  VALUES ('0a891833-acd5-479f-938f-a0f7fd55ac82','JUAN FERNANDO ROMERO ARAUZ',87178441,'WWW.MAXITIN.COM')
INSERT INTO Proveedor  VALUES ('938321e1-6c4d-4249-a251-20e7c2d1dab2','CARLOS JOSE GOMEZ MORALES',87371020,'WWW.BMXA.NET')
INSERT INTO Proveedor  VALUES ('b8027e94-a183-4068-8186-8d3ee34fb86f','MARIO DIONISIO ARANA ARANA',58372864,'WWW.ETSYSS.COM')
INSERT INTO Proveedor  VALUES ('21d3d1ae-154c-4d01-9624-5d379551cd91','HADDER FERNANDO VIACHICA GÁLVEZ',83745645,'WWW.LINIONY.COM')
INSERT INTO Proveedor  VALUES ('bc58cb44-c25f-466e-91d4-85b91640f934','WINSTON ALFONSO ZAMORA GALVEZ',57707849,'WWW.BICOZOPL.COM')
INSERT INTO Proveedor  VALUES ('8da2506d-93ff-4452-b65f-86ec39c79a31','EVELING DEL CARMEN GARCÍA ROMERO',57367810,'WWW.QLEOD.COM')

SELECT * FROM Proveedor

INSERT INTO Categoria values ('de28364f-56f4-436f-9fef-996bd87d441a','Celulares','J')
INSERT INTO Categoria VALUES ('be2b29d3-7365-4bca-9ec9-906469bbc2cf','Tablet','Huawei')
INSERT INTO Categoria VALUES ('395fefa1-418c-4e90-9a76-4ab3b2c07105', 'Accesorios', 'SAMSUN')
INSERT INTO Categoria VALUES ('5389fc9e-4320-43d0-8e75-c1e103431811', 'Computadoras', 'Acer')

Select *from Categoria

--Telefonos

INSERT INTO Articulo VALUES ('c372dd23-d412-4243-8eff-fbbf3a4ee553','a289f92f-bc22-4d45-b5f8-69d4b02acaf0','de28364f-56f4-436f-9fef-996bd87d441a', 'Honor 8',200.90,5,'/image/honor8.png')
INSERT INTO Articulo  VALUES ('0fad3c10-dde1-4c38-9798-151ba6a04b73','9f5751ea-95d5-41bf-99fa-5b09173f7089','de28364f-56f4-436f-9fef-996bd87d441a', 'Honor X',200.00,7,'/image/honorX.png')
INSERT INTO Articulo  VALUES ('fa4ca349-1f13-4b6a-afc6-e76af118963d', '69b52221-0d65-4662-a292-a55dcb862c09','de28364f-56f4-436f-9fef-996bd87d441a', 'Iphone 11',550.00,3,'/image/iphone11.png')
INSERT INTO Articulo  VALUES ('cf546da7-f09f-43be-a238-1c81361efaef', '5586543e-6524-4e39-a690-87be13fc26c8','de28364f-56f4-436f-9fef-996bd87d441a', 'Samsung Z Fold', 840.00,3,'/image/z fold.png')
INSERT INTO Articulo  VALUES ('3c5da0ef-a240-4fc8-94d7-64e0020ca388', '0a891833-acd5-479f-938f-a0f7fd55ac82','de28364f-56f4-436f-9fef-996bd87d441a', 'IPHONE X PRO',900.00,4,'/image/iphoneX.png')
INSERT INTO Articulo  VALUES ('7fca6389-15df-4112-889f-1c9bafb37fa7', '938321e1-6c4d-4249-a251-20e7c2d1dab2','de28364f-56f4-436f-9fef-996bd87d441a', 'HUAWEI P20',200.00,2,'/image/P20.png')
INSERT INTO Articulo  VALUES ('a4141dd3-4ac6-447e-9a0e-8e8245398679', 'b8027e94-a183-4068-8186-8d3ee34fb86f','de28364f-56f4-436f-9fef-996bd87d441a', 'Huawei P20 Pro',299.00,2,'/image/P20pro.png')
INSERT INTO Articulo  VALUES ('ae72283a-1cf8-4832-ac83-ee8ef2ff31f6', '21d3d1ae-154c-4d01-9624-5d379551cd91', 'de28364f-56f4-436f-9fef-996bd87d441a','Galaxy S9',300.00,8,'/image/s9.png')
INSERT INTO Articulo  VALUES ('1c211b87-1bbc-4cf8-9bf8-9f5423502b17', 'bc58cb44-c25f-466e-91d4-85b91640f934', 'de28364f-56f4-436f-9fef-996bd87d441a', 'XIAOMI  Note6 Pro',800.00,4,'/image/note6pro.png')
INSERT INTO Articulo  VALUES ('d2068a65-b731-4ae9-aa89-ff38dba6e16a', '8da2506d-93ff-4452-b65f-86ec39c79a31', 'de28364f-56f4-436f-9fef-996bd87d441a','Vivo',100.00,3,'/image/vivo.png')

SELECT * FROM Articulo

INSERT INTO Pedido  VALUES ('28bd494a-3c71-4d92-818d-b0defe3ec645','2017-02-12','69289A27-78EE-44B6-8A14-1086BF904FB8',200)
INSERT INTO Pedido  VALUES ('bf7b80e4-4299-4ff0-8944-dbc4a420bd9f','2020-05-29','07b82e84-8007-4b3e-94b9-9e149ec4c493',200)
INSERT INTO Pedido  VALUES ('e35b762c-9248-41be-b0f9-d48536bd760e','2018-08-30','8eff0804-50fb-4577-9b2c-7fb563dea2fe',550)
INSERT INTO Pedido  VALUES ('c3ec3a47-239d-4f0e-a908-6c643e360932','2020-02-11','9907a5c2-2b27-4dfb-8d12-58cd8aaab22d',840)
INSERT INTO Pedido  VALUES ('192f75f1-7a3a-42c4-8169-71eaec8dd084','2020-09-01','c370591c-da4e-46a1-b368-a10952bbfc2f',900)
INSERT INTO Pedido  VALUES ('b9699303-5384-4330-b95a-8b0727bf6edd','2019-01-21','91b261f6-994d-4783-ad70-688ed3535db3',200)
INSERT INTO Pedido  VALUES ('f6a8c732-171d-4712-a9dd-01b65b8403f0','2020-03-31','9cff3668-1c6e-42d3-a634-bbc284a18b52',299)
INSERT INTO Pedido  VALUES ('c1666799-bebd-477d-b612-3cc3fe7336f6','2020-01-01','c628eca9-7fd9-499b-9214-d44eea3ac606',300)
INSERT INTO Pedido  VALUES ('4ecffc37-2e82-4e6c-b1b2-6b051923d8c9','2018-09-19','3ab34425-a892-4f3c-a850-37c41e328fc2',800)
INSERT INTO Pedido  VALUES ('fedd8715-5a20-4b25-bf1b-f6dbc88861cc','2020-06-07','1231f24e-1f9b-46ea-bcb7-de3e5af5ee89',100)

SELECT * FROM Pedido

INSERT INTO DetallePedido values('c372dd23-d412-4243-8eff-fbbf3a4ee553','28bd494a-3c71-4d92-818d-b0defe3ec645', 5,200,90,800,800)
INSERT INTO DetallePedido values('0fad3c10-dde1-4c38-9798-151ba6a04b73','bf7b80e4-4299-4ff0-8944-dbc4a420bd9f', 6,500,90,500,500)
INSERT INTO DetallePedido values('fa4ca349-1f13-4b6a-afc6-e76af118963d','e35b762c-9248-41be-b0f9-d48536bd760e', 4,350,90,700,700)
INSERT INTO DetallePedido values('cf546da7-f09f-43be-a238-1c81361efaef','c3ec3a47-239d-4f0e-a908-6c643e360932', 5,240,90,960,960)
INSERT INTO DetallePedido values('3c5da0ef-a240-4fc8-94d7-64e0020ca388','192f75f1-7a3a-42c4-8169-71eaec8dd084', 7,900,90,900,900)
INSERT INTO DetallePedido values('7fca6389-15df-4112-889f-1c9bafb37fa7','b9699303-5384-4330-b95a-8b0727bf6edd', 3,200,90,600,600)
INSERT INTO DetallePedido values('a4141dd3-4ac6-447e-9a0e-8e8245398679','f6a8c732-171d-4712-a9dd-01b65b8403f0', 4,299,90,598,598)
INSERT INTO DetallePedido values('ae72283a-1cf8-4832-ac83-ee8ef2ff31f6','c1666799-bebd-477d-b612-3cc3fe7336f6', 7,300,90,900,900)
INSERT INTO DetallePedido values('1c211b87-1bbc-4cf8-9bf8-9f5423502b17','4ecffc37-2e82-4e6c-b1b2-6b051923d8c9', 2,800,90,800,800)
INSERT INTO DetallePedido values('d2068a65-b731-4ae9-aa89-ff38dba6e16a','fedd8715-5a20-4b25-bf1b-f6dbc88861cc', 7,100,90,700,700)

SELECT * FROM DetallePedido
